{
    "accuracy": 0.9436722750548646,
    "precision": 0.8553459119496856,
    "recall": 0.7157894736842105
}
