{
    "accuracy": 0.9380300065231572,
    "precision": 0.8156424581005587,
    "recall": 0.7019230769230769
}
